<?xml version="1.0" encoding="UTF-8"?>
<GenRun Id="impl_1" LaunchPart="xc7s100fgga676-2" LaunchTime="1744683665">
  <File Type="PA-TCL" Name="Door_Lock.tcl"/>
  <File Type="REPORTS-TCL" Name="Door_Lock_reports.tcl"/>
  <File Type="INIT-TIMING" Name="Door_Lock_timing_summary_init.rpt"/>
  <File Type="OPT-DCP" Name="Door_Lock_opt.dcp"/>
  <File Type="OPT-DRC" Name="Door_Lock_drc_opted.rpt"/>
  <File Type="OPT-METHODOLOGY-DRC" Name="Door_Lock_methodology_drc_opted.rpt"/>
  <File Type="OPT-HWDEF" Name="Door_Lock.hwdef"/>
  <File Type="OPT-TIMING" Name="Door_Lock_timing_summary_opted.rpt"/>
  <File Type="OPT-RQA-PB" Name="Door_Lock_rqa_opted.pb"/>
  <File Type="PWROPT-DCP" Name="Door_Lock_pwropt.dcp"/>
  <File Type="PWROPT-DRC" Name="Door_Lock_drc_pwropted.rpt"/>
  <File Type="PWROPT-TIMING" Name="Door_Lock_timing_summary_pwropted.rpt"/>
  <File Type="PLACE-DCP" Name="Door_Lock_placed.dcp"/>
  <File Type="PLACE-IO" Name="Door_Lock_io_placed.rpt"/>
  <File Type="PLACE-CLK" Name="Door_Lock_clock_utilization_placed.rpt"/>
  <File Type="PLACE-UTIL" Name="Door_Lock_utilization_placed.rpt"/>
  <File Type="PLACE-UTIL-PB" Name="Door_Lock_utilization_placed.pb"/>
  <File Type="PLACE-CTRL" Name="Door_Lock_control_sets_placed.rpt"/>
  <File Type="PLACE-SIMILARITY" Name="Door_Lock_incremental_reuse_placed.rpt"/>
  <File Type="PLACE-PRE-SIMILARITY" Name="Door_Lock_incremental_reuse_pre_placed.rpt"/>
  <File Type="PLACE-TIMING" Name="Door_Lock_timing_summary_placed.rpt"/>
  <File Type="PLACE-RQA-PB" Name="Door_Lock_rqa_placed.pb"/>
  <File Type="POSTPLACE-PWROPT-DCP" Name="Door_Lock_postplace_pwropt.dcp"/>
  <File Type="POSTPLACE-PWROPT-TIMING" Name="Door_Lock_timing_summary_postplace_pwropted.rpt"/>
  <File Type="PHYSOPT-DCP" Name="Door_Lock_physopt.dcp"/>
  <File Type="PHYSOPT-DRC" Name="Door_Lock_drc_physopted.rpt"/>
  <File Type="PHYSOPT-TIMING" Name="Door_Lock_timing_summary_physopted.rpt"/>
  <File Type="ROUTE-ERROR-DCP" Name="Door_Lock_routed_error.dcp"/>
  <File Type="ROUTE-DCP" Name="Door_Lock_routed.dcp"/>
  <File Type="ROUTE-BLACKBOX-DCP" Name="Door_Lock_routed_bb.dcp"/>
  <File Type="ROUTE-DRC" Name="Door_Lock_drc_routed.rpt"/>
  <File Type="ROUTE-DRC-PB" Name="Door_Lock_drc_routed.pb"/>
  <File Type="ROUTE-DRC-RPX" Name="Door_Lock_drc_routed.rpx"/>
  <File Type="ROUTE-METHODOLOGY-DRC" Name="Door_Lock_methodology_drc_routed.rpt"/>
  <File Type="ROUTE-METHODOLOGY-DRC-RPX" Name="Door_Lock_methodology_drc_routed.rpx"/>
  <File Type="ROUTE-METHODOLOGY-DRC-PB" Name="Door_Lock_methodology_drc_routed.pb"/>
  <File Type="ROUTE-PWR" Name="Door_Lock_power_routed.rpt"/>
  <File Type="ROUTE-PWR-SUM" Name="Door_Lock_power_summary_routed.pb"/>
  <File Type="ROUTE-PWR-RPX" Name="Door_Lock_power_routed.rpx"/>
  <File Type="ROUTE-STATUS" Name="Door_Lock_route_status.rpt"/>
  <File Type="ROUTE-STATUS-PB" Name="Door_Lock_route_status.pb"/>
  <File Type="ROUTE-TIMINGSUMMARY" Name="Door_Lock_timing_summary_routed.rpt"/>
  <File Type="ROUTE-TIMING-PB" Name="Door_Lock_timing_summary_routed.pb"/>
  <File Type="ROUTE-TIMING-RPX" Name="Door_Lock_timing_summary_routed.rpx"/>
  <File Type="ROUTE-SIMILARITY" Name="Door_Lock_incremental_reuse_routed.rpt"/>
  <File Type="ROUTE-CLK" Name="Door_Lock_clock_utilization_routed.rpt"/>
  <File Type="ROUTE-BUS-SKEW" Name="Door_Lock_bus_skew_routed.rpt"/>
  <File Type="ROUTE-BUS-SKEW-PB" Name="Door_Lock_bus_skew_routed.pb"/>
  <File Type="ROUTE-BUS-SKEW-RPX" Name="Door_Lock_bus_skew_routed.rpx"/>
  <File Type="ROUTE-RQS-PB" Name="Door_Lock_rqs_routed.pb"/>
  <File Type="POSTROUTE-PHYSOPT-DCP" Name="Door_Lock_postroute_physopt.dcp"/>
  <File Type="POSTROUTE-PHYSOPT-BLACKBOX-DCP" Name="Door_Lock_postroute_physopt_bb.dcp"/>
  <File Type="POSTROUTE-PHYSOPT-TIMING" Name="Door_Lock_timing_summary_postroute_physopted.rpt"/>
  <File Type="POSTROUTE-PHYSOPT-TIMING-PB" Name="Door_Lock_timing_summary_postroute_physopted.pb"/>
  <File Type="POSTROUTE-PHYSOPT-TIMING-RPX" Name="Door_Lock_timing_summary_postroute_physopted.rpx"/>
  <File Type="POSTROUTE-PHYSOPT-BUS-SKEW" Name="Door_Lock_bus_skew_postroute_physopted.rpt"/>
  <File Type="POSTROUTE-PHYSOPT-BUS-SKEW-PB" Name="Door_Lock_bus_skew_postroute_physopted.pb"/>
  <File Type="POSTROUTE-PHYSOPT-BUS-SKEW-RPX" Name="Door_Lock_bus_skew_postroute_physopted.rpx"/>
  <File Type="BG-BIT" Name="Door_Lock.bit"/>
  <File Type="BG-BIN" Name="Door_Lock.bin"/>
  <File Type="BITSTR-MSK" Name="Door_Lock.msk"/>
  <File Type="BITSTR-RBT" Name="Door_Lock.rbt"/>
  <File Type="BITSTR-NKY" Name="Door_Lock.nky"/>
  <File Type="BITSTR-BMM" Name="Door_Lock_bd.bmm"/>
  <File Type="BITSTR-MMI" Name="Door_Lock.mmi"/>
  <File Type="PDI-FILE" Name="Door_Lock.pdi"/>
  <File Type="BOOT-PDI-FILE" Name="Door_Lock_boot.pdi"/>
  <File Type="PL-PDI-FILE" Name="Door_Lock_pld.pdi"/>
  <File Type="RCFI_FILE" Name="Door_Lock.rcfi"/>
  <File Type="CFI_FILE" Name="Door_Lock.cfi"/>
  <File Type="RNPI_FILE" Name="Door_Lock.rnpi"/>
  <File Type="NPI_FILE" Name="Door_Lock.npi"/>
  <File Type="RBD_FILE" Name="Door_Lock.rbd"/>
  <File Type="BITSTR-LTX" Name="debug_nets.ltx"/>
  <File Type="BITSTR-LTX" Name="Door_Lock.ltx"/>
  <File Type="BITSTR-SYSDEF" Name="Door_Lock.sysdef"/>
  <File Type="BG-BGN" Name="Door_Lock.bgn"/>
  <File Type="BG-DRC" Name="Door_Lock.drc"/>
  <File Type="RDI-RDI" Name="Door_Lock.vdi"/>
  <File Type="WBT-USG" Name="usage_statistics_webtalk.html"/>
  <File Type="ROUTE-RQS" Name="Door_Lock_routed.rqs"/>
  <File Type="POSTROUTE-PHYSOPT-RQS" Name="Door_Lock_postroute_physopted.rqs"/>
  <File Type="ROUTE-RQS-RPT" Name="route_report_qor_suggestions_0.rpt"/>
  <File Type="POSTROUTE-PHYSOPT-RQS-RPT" Name="postroute_physopt_report_qor_suggestions_0.rpt"/>
  <FileSet Name="sources" Type="DesignSrcs" RelSrcDir="$PSRCDIR/sources_1" RelGenDir="$PGENDIR/sources_1">
    <Filter Type="Srcs"/>
    <File Path="$PSRCDIR/sources_1/new/Door_Lock.vhd">
      <FileInfo>
        <Attr Name="UsedIn" Val="synthesis"/>
        <Attr Name="UsedIn" Val="simulation"/>
      </FileInfo>
    </File>
    <Config>
      <Option Name="DesignMode" Val="RTL"/>
      <Option Name="TopModule" Val="Door_Lock"/>
      <Option Name="TopAutoSet" Val="TRUE"/>
    </Config>
  </FileSet>
  <FileSet Name="constrs_in" Type="Constrs" RelSrcDir="$PSRCDIR/constrs_1" RelGenDir="$PGENDIR/constrs_1">
    <Filter Type="Constrs"/>
    <Config>
      <Option Name="ConstrsType" Val="XDC"/>
    </Config>
  </FileSet>
  <FileSet Name="utils" Type="Utils" RelSrcDir="$PSRCDIR/utils_1" RelGenDir="$PGENDIR/utils_1">
    <Filter Type="Utils"/>
    <Config>
      <Option Name="TopAutoSet" Val="TRUE"/>
    </Config>
  </FileSet>
  <Strategy Version="1" Minor="2">
    <StratHandle Name="Vivado Implementation Defaults" Flow="Vivado Implementation 2024">
      <Desc>Default settings for Implementation.</Desc>
    </StratHandle>
    <Step Id="init_design"/>
    <Step Id="opt_design"/>
    <Step Id="power_opt_design"/>
    <Step Id="place_design"/>
    <Step Id="post_place_power_opt_design"/>
    <Step Id="phys_opt_design"/>
    <Step Id="route_design"/>
    <Step Id="post_route_phys_opt_design"/>
    <Step Id="write_bitstream"/>
  </Strategy>
</GenRun>
